,Labels,Decoded
0,size_title_0,size_title_36 cm
1,size_title_1,size_title_37 cm
2,size_title_2,size_title_38
3,size_title_3,size_title_38 cm
4,size_title_4,"size_title_38,5"
5,size_title_5,size_title_39
6,size_title_6,size_title_39 cm
7,size_title_7,"size_title_39,5"
8,size_title_8,size_title_40
9,size_title_9,size_title_40 cm
10,size_title_10,"size_title_40,5"
11,size_title_11,size_title_41
12,size_title_12,size_title_41 cm
13,size_title_13,"size_title_41,5"
14,size_title_14,size_title_42
15,size_title_15,size_title_42 cm
16,size_title_16,"size_title_42,5"
17,size_title_17,size_title_43
18,size_title_18,size_title_43 cm
19,size_title_19,"size_title_43,5"
20,size_title_20,size_title_44
21,size_title_21,size_title_44 cm
22,size_title_22,"size_title_44,5"
23,size_title_23,size_title_45
24,size_title_24,"size_title_45,5"
25,size_title_25,size_title_46
26,size_title_26,size_title_46 cm
27,size_title_27,"size_title_46,5"
28,size_title_28,size_title_47
29,size_title_29,"size_title_47,5"
30,size_title_30,size_title_48
31,size_title_31,"size_title_48,5"
32,size_title_32,size_title_4XL
33,size_title_33,size_title_4XL / 48 / 20
34,size_title_34,size_title_52 cm
35,size_title_35,size_title_5XL
36,size_title_36,size_title_5XL / 50 / 22
37,size_title_37,size_title_6XL / 52 / 24
38,size_title_38,size_title_7XL / 54 / 26
39,size_title_39,size_title_L
40,size_title_40,size_title_M
41,size_title_41,size_title_Outro
42,size_title_42,size_title_S
43,size_title_43,size_title_Tamanhonico
44,size_title_44,size_title_XL
45,size_title_45,size_title_XS
46,size_title_46,size_title_XXL
47,size_title_47,size_title_XXS
48,size_title_48,size_title_XXXL
49,size_title_49,size_title_XXXS
50,status_0,status
51,brand_title_0,brand_title_
52,brand_title_1,brand_title_!M?ERFECT
53,brand_title_2,brand_title_& Other Stories
54,brand_title_3,brand_title_+8000
55,brand_title_4,brand_title_007
56,brand_title_5,brand_title_123
57,brand_title_6,brand_title_1991
58,brand_title_7,brand_title_2000
59,brand_title_8,brand_title_2pac
60,brand_title_9,brand_title_3 Suisses
61,brand_title_10,brand_title_3310klan
62,brand_title_11,brand_title_545
63,brand_title_12,brand_title_667
64,brand_title_13,brand_title_7 camicie
65,brand_title_14,brand_title_8848 Altitude
66,brand_title_15,brand_title_A André
67,brand_title_16,brand_title_A-COLD-WALL*
68,brand_title_17,brand_title_A.S.98
69,brand_title_18,brand_title_AC Milan
70,brand_title_19,brand_title_AC/DC
71,brand_title_20,brand_title_AMI
72,brand_title_21,brand_title_AMOUR
73,brand_title_22,brand_title_ANDREA
74,brand_title_23,brand_title_ARGUEYROLLES
75,brand_title_24,brand_title_ARKET
76,brand_title_25,brand_title_ASH
77,brand_title_26,brand_title_ASM
78,brand_title_27,brand_title_ASOS
79,brand_title_28,brand_title_AZUKA
80,brand_title_29,brand_title_Abercrombie & Fitch
81,brand_title_30,brand_title_Abril
82,brand_title_31,brand_title_Acne Studios
83,brand_title_32,brand_title_Action
84,brand_title_33,brand_title_Actual Basics
85,brand_title_34,brand_title_Adidas Terrex
86,brand_title_35,brand_title_Adolfo
87,brand_title_36,brand_title_Adolfo Dominguez
88,brand_title_37,brand_title_Adolphe LAFONT
89,brand_title_38,brand_title_Adsum
90,brand_title_39,brand_title_Aeronautica Militare
91,brand_title_40,brand_title_Aglini
92,brand_title_41,brand_title_Agnes b
93,brand_title_42,brand_title_Aigle
94,brand_title_43,brand_title_Air Force
95,brand_title_44,brand_title_Airness
96,brand_title_45,brand_title_Akè
97,brand_title_46,brand_title_Albatros
98,brand_title_47,brand_title_Alcott
99,brand_title_48,brand_title_Alexander McQueen
100,brand_title_49,brand_title_Alexander Smith
101,brand_title_50,brand_title_Alhambra
102,brand_title_51,brand_title_Ali express
103,brand_title_52,brand_title_Aliexpress
104,brand_title_53,brand_title_AllSaints
105,brand_title_54,brand_title_AllStar
106,brand_title_55,brand_title_Alpha Industries
107,brand_title_56,brand_title_Alpinestars
108,brand_title_57,brand_title_Alvaro Moreno
109,brand_title_58,brand_title_Alviero Martini 1a Classe
110,brand_title_59,brand_title_Alviero Rodriguez
111,brand_title_60,brand_title_Ambiorix
112,brand_title_61,brand_title_Ambitious
113,brand_title_62,brand_title_America Today
114,brand_title_63,brand_title_American Eagle
115,brand_title_64,brand_title_American Vintage
116,brand_title_65,brand_title_Amichi
117,brand_title_66,brand_title_Amisu
118,brand_title_67,brand_title_Amy & Ivy
119,brand_title_68,brand_title_Ana Marttin
120,brand_title_69,brand_title_Andrew J.
121,brand_title_70,brand_title_André
122,brand_title_71,brand_title_Angelo Litrico
123,brand_title_72,brand_title_Anine Bing
124,brand_title_73,brand_title_Anne de Lancay
125,brand_title_74,brand_title_Annette Görtz
126,brand_title_75,brand_title_Anti Blue
127,brand_title_76,brand_title_Antonelle
128,brand_title_77,brand_title_Antony Morato
129,brand_title_78,brand_title_Ariana Grande
130,brand_title_79,brand_title_Arkitect
131,brand_title_80,brand_title_Armand Thierry
132,brand_title_81,brand_title_Armand Thiery
133,brand_title_82,brand_title_Armani
134,brand_title_83,brand_title_Armani Exchange
135,brand_title_84,brand_title_Armani Jeans
136,brand_title_85,brand_title_Armedangels
137,brand_title_86,brand_title_Armor-Lux
138,brand_title_87,brand_title_Aro
139,brand_title_88,brand_title_Arte
140,brand_title_89,brand_title_Asics
141,brand_title_90,brand_title_Askurself
142,brand_title_91,brand_title_Asole & bottoni
143,brand_title_92,brand_title_Asphalte
144,brand_title_93,brand_title_Aston Martin
145,brand_title_94,brand_title_Atari
146,brand_title_95,brand_title_Atlas for Men
147,brand_title_96,brand_title_Atmosphere
148,brand_title_97,brand_title_Atnt Paris
149,brand_title_98,brand_title_Atomic
150,brand_title_99,brand_title_Atorka
151,brand_title_100,brand_title_Attore
152,brand_title_101,brand_title_Australian
153,brand_title_102,brand_title_Authentic Clothing Company
154,brand_title_103,brand_title_Authentic Style
155,brand_title_104,brand_title_Avant Première
156,brand_title_105,brand_title_Avec
157,brand_title_106,brand_title_Axel Arigato
158,brand_title_107,brand_title_Azura
159,brand_title_108,brand_title_B&K Style
160,brand_title_109,brand_title_BAPE x adidas Originals
161,brand_title_110,brand_title_BDG
162,brand_title_111,brand_title_BLUE BOX
163,brand_title_112,brand_title_BOREAL
164,brand_title_113,brand_title_BOY London
165,brand_title_114,brand_title_BZB
166,brand_title_115,brand_title_Ba&sh
167,brand_title_116,brand_title_Baci&Abbracci
168,brand_title_117,brand_title_Bagoraz
169,brand_title_118,brand_title_Balibaris
170,brand_title_119,brand_title_Ballin
171,brand_title_120,brand_title_Balmain
172,brand_title_121,brand_title_Banlieue
173,brand_title_122,brand_title_Barbour
174,brand_title_123,brand_title_Basic
175,brand_title_124,brand_title_Basic One
176,brand_title_125,brand_title_Bata
177,brand_title_126,brand_title_Batik
178,brand_title_127,brand_title_Batman
179,brand_title_128,brand_title_Bauer
180,brand_title_129,brand_title_Bauhaus
181,brand_title_130,brand_title_Bel&Bo
182,brand_title_131,brand_title_Bella Ragazza
183,brand_title_132,brand_title_Bellota
184,brand_title_133,brand_title_Belman
185,brand_title_134,brand_title_Ben Sherman
186,brand_title_135,brand_title_Bench
187,brand_title_136,brand_title_Berghen
188,brand_title_137,brand_title_Berlook
189,brand_title_138,brand_title_Bershka
190,brand_title_139,brand_title_Best Mountain
191,brand_title_140,brand_title_Beverly Hills Polo Club
192,brand_title_141,brand_title_Bexley
193,brand_title_142,brand_title_Bianco
194,brand_title_143,brand_title_Big Dog
195,brand_title_144,brand_title_Bikkembergs
196,brand_title_145,brand_title_Bill Tornade
197,brand_title_146,brand_title_Billabong
198,brand_title_147,brand_title_Billie Eilish
199,brand_title_148,brand_title_Bimba Y Lola
200,brand_title_149,brand_title_Birkenstock
201,brand_title_150,brand_title_Bizzbee
202,brand_title_151,brand_title_Björn Borg
203,brand_title_152,brand_title_Black Soul
204,brand_title_153,brand_title_Black Squad
205,brand_title_154,brand_title_Blanca
206,brand_title_155,brand_title_Blanco
207,brand_title_156,brand_title_BlendShe
208,brand_title_157,brand_title_Blouse
209,brand_title_158,brand_title_Blu Apparel
210,brand_title_159,brand_title_Blue Bay
211,brand_title_160,brand_title_Blumarine
212,brand_title_161,brand_title_Blundstone
213,brand_title_162,brand_title_Blvck
214,brand_title_163,brand_title_Bobbies
215,brand_title_164,brand_title_Boggi
216,brand_title_165,brand_title_Bom
217,brand_title_166,brand_title_Bonabella
218,brand_title_167,brand_title_Bonita
219,brand_title_168,brand_title_Bonobo
220,brand_title_169,brand_title_Bonprix
221,brand_title_170,brand_title_Bonton
222,brand_title_171,brand_title_BoohooMAN
223,brand_title_172,brand_title_Boots
224,brand_title_173,brand_title_Bordeaux
225,brand_title_174,brand_title_Boriken
226,brand_title_175,brand_title_Boss
227,brand_title_176,brand_title_Boss Orange
228,brand_title_177,brand_title_Boutique Italiana
229,brand_title_178,brand_title_Boutique Parisienne
230,brand_title_179,brand_title_Boutique indépendante
231,brand_title_180,brand_title_Boutique privée
232,brand_title_181,brand_title_Bowen
233,brand_title_182,brand_title_Boxfresh
234,brand_title_183,brand_title_Branca
235,brand_title_184,brand_title_Brandy Melville
236,brand_title_185,brand_title_Bratz
237,brand_title_186,brand_title_Brava Fabrics
238,brand_title_187,brand_title_Breaking Bad
239,brand_title_188,brand_title_Brewster
240,brand_title_189,brand_title_Brice
241,brand_title_190,brand_title_Brooks
242,brand_title_191,brand_title_Brooks Brothers
243,brand_title_192,brand_title_Brownie
244,brand_title_193,brand_title_Bruce Lee
245,brand_title_194,brand_title_Brunello Cucinelli
246,brand_title_195,brand_title_Bruno Banani
247,brand_title_196,brand_title_Bréal
248,brand_title_197,brand_title_Bueno
249,brand_title_198,brand_title_Burberry
250,brand_title_199,brand_title_Burberry Brit
251,brand_title_200,brand_title_Burger King
252,brand_title_201,brand_title_Burton
253,brand_title_202,brand_title_Butter
254,brand_title_203,brand_title_C&A
255,brand_title_204,brand_title_C&S
256,brand_title_205,brand_title_C.P. Company
257,brand_title_206,brand_title_CASSIS
258,brand_title_207,brand_title_CAT
259,brand_title_208,brand_title_CBK
260,brand_title_209,brand_title_CELOPMAN
261,brand_title_210,brand_title_CHC-Shoes
262,brand_title_211,brand_title_COLMAR
263,brand_title_212,brand_title_COS
264,brand_title_213,brand_title_CR7
265,brand_title_214,brand_title_CSS
266,brand_title_215,brand_title_CUIR
267,brand_title_216,brand_title_Cabanes et Compagnie
268,brand_title_217,brand_title_Cache Cache
269,brand_title_218,brand_title_Cactus Jack
270,brand_title_219,brand_title_Café Coton
271,brand_title_220,brand_title_Caféin
272,brand_title_221,brand_title_Calcio
273,brand_title_222,brand_title_California Republic
274,brand_title_223,brand_title_Calimero
275,brand_title_224,brand_title_Calliope
276,brand_title_225,brand_title_Calvin Klein
277,brand_title_226,brand_title_Calvin Klein Jeans
278,brand_title_227,brand_title_Camaïeu
279,brand_title_228,brand_title_Camilliano
280,brand_title_229,brand_title_Camper
281,brand_title_230,brand_title_Canda
282,brand_title_231,brand_title_Capitain Corsaire
283,brand_title_232,brand_title_Capo
284,brand_title_233,brand_title_Caporal
285,brand_title_234,brand_title_Captain Tortue
286,brand_title_235,brand_title_Caramelo
287,brand_title_236,brand_title_Cargo
288,brand_title_237,brand_title_Carhartt
289,brand_title_238,brand_title_Carhartt WIP
290,brand_title_239,brand_title_Caribbeanseal
291,brand_title_240,brand_title_Cariuma
292,brand_title_241,brand_title_Carla Carini
293,brand_title_242,brand_title_Carlsberg
294,brand_title_243,brand_title_Carlyps
295,brand_title_244,brand_title_Carolina Herrera
296,brand_title_245,brand_title_Carrera
297,brand_title_246,brand_title_Cars Jeans
298,brand_title_247,brand_title_Cartoon Network
299,brand_title_248,brand_title_Casablanca
300,brand_title_249,brand_title_Castore
301,brand_title_250,brand_title_Catbalou
302,brand_title_251,brand_title_Caterpillar
303,brand_title_252,brand_title_Catwalk Junkie
304,brand_title_253,brand_title_Cavalli
305,brand_title_254,brand_title_Cccp
306,brand_title_255,brand_title_Cecil
307,brand_title_256,brand_title_Cedar Wood State
308,brand_title_257,brand_title_Celio
309,brand_title_258,brand_title_Celio Club
310,brand_title_259,brand_title_Cerruti 1881
311,brand_title_260,brand_title_Cesare Paciotti
312,brand_title_261,brand_title_Champion
313,brand_title_262,brand_title_Chantal B
314,brand_title_263,brand_title_Charles DE SEYNE
315,brand_title_264,brand_title_Charles Tyrwhitt
316,brand_title_265,brand_title_Chasin'
317,brand_title_266,brand_title_Chaussea
318,brand_title_267,brand_title_Cheap Monday
319,brand_title_268,brand_title_Checker
320,brand_title_269,brand_title_Chevalier
321,brand_title_270,brand_title_Chevignon
322,brand_title_271,brand_title_Chippewa
323,brand_title_272,brand_title_Christian Louboutin
324,brand_title_273,brand_title_Christine Laure
325,brand_title_274,brand_title_Chu se
326,brand_title_275,brand_title_Church's
327,brand_title_276,brand_title_Cinti
328,brand_title_277,brand_title_Clae
329,brand_title_278,brand_title_Clark
330,brand_title_279,brand_title_Clarks
331,brand_title_280,brand_title_Clarks Originals
332,brand_title_281,brand_title_Claudie Pierlot
333,brand_title_282,brand_title_Clayton
334,brand_title_283,brand_title_Clockhouse
335,brand_title_284,brand_title_Cloothes
336,brand_title_285,brand_title_CoComelon
337,brand_title_286,brand_title_Coca-Cola
338,brand_title_287,brand_title_Cofra
339,brand_title_288,brand_title_Cole Haan
340,brand_title_289,brand_title_Colin's
341,brand_title_290,brand_title_Collection U
342,brand_title_291,brand_title_Collection vlog
343,brand_title_292,brand_title_College
344,brand_title_293,brand_title_Collusion
345,brand_title_294,brand_title_Colombia
346,brand_title_295,brand_title_Columbia
347,brand_title_296,brand_title_Comme Des Garçons Play
348,brand_title_297,brand_title_Comme des Garçons
349,brand_title_298,brand_title_Comme des Garçons SHIRT
350,brand_title_299,brand_title_Comme des Loups
351,brand_title_300,brand_title_Complices
352,brand_title_301,brand_title_Complices Eagle
353,brand_title_302,brand_title_Comptoir des Cotonniers
354,brand_title_303,brand_title_Conti ferrari
355,brand_title_304,brand_title_Continental
356,brand_title_305,brand_title_Converse
357,brand_title_306,brand_title_CoolCat
358,brand_title_307,brand_title_CoolFashion
359,brand_title_308,brand_title_Coolway
360,brand_title_309,brand_title_Cop Copine
361,brand_title_310,brand_title_Copenhagen Muse
362,brand_title_311,brand_title_Cortefiel
363,brand_title_312,brand_title_Corteiz
364,brand_title_313,brand_title_Costes
365,brand_title_314,brand_title_Cothurne
366,brand_title_315,brand_title_Coton
367,brand_title_316,brand_title_Coton Doux
368,brand_title_317,brand_title_Coton Wear Company
369,brand_title_318,brand_title_Cotone
370,brand_title_319,brand_title_Cotton & Silk
371,brand_title_320,brand_title_Cotélac
372,brand_title_321,brand_title_Courir
373,brand_title_322,brand_title_Couture
374,brand_title_323,brand_title_Coveri
375,brand_title_324,brand_title_Creation Atelier
376,brand_title_325,brand_title_Creeks
377,brand_title_326,brand_title_Crocs
378,brand_title_327,brand_title_Crodino
379,brand_title_328,brand_title_Cruyff
380,brand_title_329,brand_title_Cémi by Céline
381,brand_title_330,brand_title_Côté Femme
382,brand_title_331,brand_title_D
383,brand_title_332,brand_title_D.Franklin
384,brand_title_333,brand_title_DANTE
385,brand_title_334,brand_title_DATCH
386,brand_title_335,brand_title_DAVRIL SUPPLY
387,brand_title_336,brand_title_DC
388,brand_title_337,brand_title_DC Shoes
389,brand_title_338,brand_title_DCNTD
390,brand_title_339,brand_title_DDP
391,brand_title_340,brand_title_DEEPLY
392,brand_title_341,brand_title_DISTRIKT NØRREBRO
393,brand_title_342,brand_title_DKNY
394,brand_title_343,brand_title_Daily Aesthetikz
395,brand_title_344,brand_title_Daily paper
396,brand_title_345,brand_title_Damart
397,brand_title_346,brand_title_Danner
398,brand_title_347,brand_title_Dattier
399,brand_title_348,brand_title_David Naman
400,brand_title_349,brand_title_Decathlon
401,brand_title_350,brand_title_Deer
402,brand_title_351,brand_title_Defonseca
403,brand_title_352,brand_title_Del Mare 1911
404,brand_title_353,brand_title_Deliya
405,brand_title_354,brand_title_Demon Slayer
406,brand_title_355,brand_title_Denim
407,brand_title_356,brand_title_Dept
408,brand_title_357,brand_title_Des Petits Hauts
409,brand_title_358,brand_title_Desigual
410,brand_title_359,brand_title_Detroit
411,brand_title_360,brand_title_Deus Ex Machina
412,brand_title_361,brand_title_Devred
413,brand_title_362,brand_title_Di-Bye
414,brand_title_363,brand_title_Diadora
415,brand_title_364,brand_title_Diadora Heritage
416,brand_title_365,brand_title_Dickies
417,brand_title_366,brand_title_Diesel
418,brand_title_367,brand_title_Disney
419,brand_title_368,brand_title_Disney x Primark
420,brand_title_369,brand_title_Disneyland Paris
421,brand_title_370,brand_title_Distrikt
422,brand_title_371,brand_title_Dockers
423,brand_title_372,brand_title_Dolce & Gabbana
424,brand_title_373,brand_title_Dolomite
425,brand_title_374,brand_title_Domyos
426,brand_title_375,brand_title_Don Dada
427,brand_title_376,brand_title_Donna
428,brand_title_377,brand_title_Doppelgänger
429,brand_title_378,brand_title_Dos Galgos Negros
430,brand_title_379,brand_title_Dr. Martens
431,brand_title_380,brand_title_Dr. Scholl's
432,brand_title_381,brand_title_Dragon Ball
433,brand_title_382,brand_title_Druids
434,brand_title_383,brand_title_Drunknmunky
435,brand_title_384,brand_title_Dsquared2
436,brand_title_385,brand_title_Dt swiss
437,brand_title_386,brand_title_Ducati
438,brand_title_387,brand_title_Duff
439,brand_title_388,brand_title_Dunlop
440,brand_title_389,brand_title_Dustin
441,brand_title_390,brand_title_EB
442,brand_title_391,brand_title_ECCO
443,brand_title_392,brand_title_EDC by Esprit
444,brand_title_393,brand_title_EL GANSO
445,brand_title_394,brand_title_ELLE
446,brand_title_395,brand_title_EMC
447,brand_title_396,brand_title_ETGL
448,brand_title_397,brand_title_Easy Clothes
449,brand_title_398,brand_title_Eden Park
450,brand_title_399,brand_title_Edwin
451,brand_title_400,brand_title_Effeny
452,brand_title_401,brand_title_Egon Furstenberg
453,brand_title_402,brand_title_El Corte Inglés
454,brand_title_403,brand_title_El caballo
455,brand_title_404,brand_title_Elana Mirò
456,brand_title_405,brand_title_Eldys
457,brand_title_406,brand_title_Elevenparis
458,brand_title_407,brand_title_Elisabetta Franchi
459,brand_title_408,brand_title_Ellesse
460,brand_title_409,brand_title_Elsa.M by may
461,brand_title_410,brand_title_Emidio Tucci
462,brand_title_411,brand_title_Emporio Armani
463,brand_title_412,brand_title_Energetics
464,brand_title_413,brand_title_Enrico MariaMeco
465,brand_title_414,brand_title_Entracte
466,brand_title_415,brand_title_Enveral
467,brand_title_416,brand_title_Enzo Di Capri
468,brand_title_417,brand_title_Ergos
469,brand_title_418,brand_title_Esmara
470,brand_title_419,brand_title_Espadrij
471,brand_title_420,brand_title_Esprit
472,brand_title_421,brand_title_Esprit Collection
473,brand_title_422,brand_title_Essential
474,brand_title_423,brand_title_Essentiel Antwerp
475,brand_title_424,brand_title_Etam
476,brand_title_425,brand_title_Eva Kayan
477,brand_title_426,brand_title_Even&Odd
478,brand_title_427,brand_title_Everlast
479,brand_title_428,brand_title_Ewing
480,brand_title_429,brand_title_Excellence
481,brand_title_430,brand_title_Excellent
482,brand_title_431,brand_title_Exquily
483,brand_title_432,brand_title_Extenso
484,brand_title_433,brand_title_FAL
485,brand_title_434,brand_title_FB Sister
486,brand_title_435,brand_title_FC Barcelona
487,brand_title_436,brand_title_FC Bayern München
488,brand_title_437,brand_title_FFF
489,brand_title_438,brand_title_FILA
490,brand_title_439,brand_title_FIT
491,brand_title_440,brand_title_FORMEN
492,brand_title_441,brand_title_FORMY STUDIO
493,brand_title_442,brand_title_FTC
494,brand_title_443,brand_title_Fabiani
495,brand_title_444,brand_title_Fairly
496,brand_title_445,brand_title_Family
497,brand_title_446,brand_title_Famous - Stars & Straps
498,brand_title_447,brand_title_Fashion
499,brand_title_448,brand_title_Fashion Nova
500,brand_title_449,brand_title_Fashion Private Company
501,brand_title_450,brand_title_Fenerbahce
502,brand_title_451,brand_title_Fenix
503,brand_title_452,brand_title_Ferragamo
504,brand_title_453,brand_title_Ferrari
505,brand_title_454,brand_title_Fever
506,brand_title_455,brand_title_Fi'zi:k
507,brand_title_456,brand_title_Fifa World Cup
508,brand_title_457,brand_title_Figaret
509,brand_title_458,brand_title_Finette
510,brand_title_459,brand_title_Finsbury
511,brand_title_460,brand_title_Fiorentini & Baker
512,brand_title_461,brand_title_Fiorucci
513,brand_title_462,brand_title_Fjällräven
514,brand_title_463,brand_title_Flags & Cup
515,brand_title_464,brand_title_Flamenco
516,brand_title_465,brand_title_Flattered
517,brand_title_466,brand_title_Fleetwood Mac
518,brand_title_467,brand_title_Fleur
519,brand_title_468,brand_title_Florentino
520,brand_title_469,brand_title_Floris van Bommel
521,brand_title_470,brand_title_Fluide
522,brand_title_471,brand_title_Force
523,brand_title_472,brand_title_Forever 21
524,brand_title_473,brand_title_Forma
525,brand_title_474,brand_title_Fornarina
526,brand_title_475,brand_title_Fracomina
527,brand_title_476,brand_title_Francesco Orsini
528,brand_title_477,brand_title_Frankenwälder
529,brand_title_478,brand_title_Fratelli Pietrini
530,brand_title_479,brand_title_Fred Perry
531,brand_title_480,brand_title_Freegun
532,brand_title_481,brand_title_Frey per i Gemelli
533,brand_title_482,brand_title_Friking
534,brand_title_483,brand_title_Fruit of the Loom
535,brand_title_484,brand_title_Fucking Awesome
536,brand_title_485,brand_title_Funny
537,brand_title_486,brand_title_Furygan
538,brand_title_487,brand_title_Fusalp
539,brand_title_488,brand_title_Fusaro
540,brand_title_489,brand_title_Fórmula Joven
541,brand_title_490,brand_title_G-Star
542,brand_title_491,brand_title_G-Star RAW
543,brand_title_492,brand_title_G-Unit
544,brand_title_493,brand_title_GANT
545,brand_title_494,brand_title_GAP
546,brand_title_495,brand_title_GAS
547,brand_title_496,brand_title_GCDS
548,brand_title_497,brand_title_GUESS
549,brand_title_498,brand_title_GYM
550,brand_title_499,brand_title_Galeries Lafayette
551,brand_title_500,brand_title_Ganni
552,brand_title_501,brand_title_Gary Moore
553,brand_title_502,brand_title_Gaudi
554,brand_title_503,brand_title_Geographical Norway
555,brand_title_504,brand_title_Geox
556,brand_title_505,brand_title_Gerard Darel
557,brand_title_506,brand_title_Gerry Weber
558,brand_title_507,brand_title_Ghost
559,brand_title_508,brand_title_Gianfranco
560,brand_title_509,brand_title_Gil D'Auray
561,brand_title_510,brand_title_Gildan
562,brand_title_511,brand_title_Gilgavin
563,brand_title_512,brand_title_Gina Benotti
564,brand_title_513,brand_title_Giorgia
565,brand_title_514,brand_title_Giuseppe Zanotti
566,brand_title_515,brand_title_Gola
567,brand_title_516,brand_title_Golden Fish
568,brand_title_517,brand_title_Golden Goose
569,brand_title_518,brand_title_Good Year
570,brand_title_519,brand_title_Goor
571,brand_title_520,brand_title_Grace
572,brand_title_521,brand_title_Grace & Mila
573,brand_title_522,brand_title_Grain de Malice
574,brand_title_523,brand_title_Grauvell
575,brand_title_524,brand_title_Green Coast
576,brand_title_525,brand_title_Green Day
577,brand_title_526,brand_title_Grimey
578,brand_title_527,brand_title_Grisport
579,brand_title_528,brand_title_Groot
580,brand_title_529,brand_title_Gucci
581,brand_title_530,brand_title_Guess by Marciano
582,brand_title_531,brand_title_Guns N' Roses
583,brand_title_532,brand_title_GuoDil
584,brand_title_533,brand_title_Guru
585,brand_title_534,brand_title_Guy Laroche
586,brand_title_535,brand_title_Gymshark
587,brand_title_536,brand_title_Gémo
588,brand_title_537,brand_title_H&M
589,brand_title_538,brand_title_H&M Divided
590,brand_title_539,brand_title_H-Landers
591,brand_title_540,brand_title_HANDSIOFF
592,brand_title_541,brand_title_HUF
593,brand_title_542,brand_title_Hackett
594,brand_title_543,brand_title_Haix
595,brand_title_544,brand_title_Hallmark
596,brand_title_545,brand_title_Handmade
597,brand_title_546,brand_title_Hanes
598,brand_title_547,brand_title_Hard Rock
599,brand_title_548,brand_title_Hard Rock Café
600,brand_title_549,brand_title_Hardrige
601,brand_title_550,brand_title_Harley Davidson
602,brand_title_551,brand_title_Harmont & Blaine
603,brand_title_552,brand_title_Harris Firenze
604,brand_title_553,brand_title_Harry Potter
605,brand_title_554,brand_title_Havaianas
606,brand_title_555,brand_title_Hay
607,brand_title_556,brand_title_Head
608,brand_title_557,brand_title_Hello Kitty
609,brand_title_558,brand_title_Helly Hansen
610,brand_title_559,brand_title_Hema
611,brand_title_560,brand_title_Here + There
612,brand_title_561,brand_title_Heritage
613,brand_title_562,brand_title_Herod
614,brand_title_563,brand_title_High
615,brand_title_564,brand_title_Hilfiger Denim
616,brand_title_565,brand_title_Hispanitas
617,brand_title_566,brand_title_Hobibear
618,brand_title_567,brand_title_Hockey
619,brand_title_568,brand_title_Hod
620,brand_title_569,brand_title_Hogan
621,brand_title_570,brand_title_Hoi Polloi
622,brand_title_571,brand_title_Hoka
623,brand_title_572,brand_title_Hollifield
624,brand_title_573,brand_title_Hollister
625,brand_title_574,brand_title_Hollister & Co
626,brand_title_575,brand_title_Hue
627,brand_title_576,brand_title_Hugo Boss
628,brand_title_577,brand_title_Human Nature
629,brand_title_578,brand_title_Human With Attitude
630,brand_title_579,brand_title_Hummel
631,brand_title_580,brand_title_Husbands
632,brand_title_581,brand_title_Hyun Jide
633,brand_title_582,brand_title_I am
634,brand_title_583,brand_title_I'M BRIAN
635,brand_title_584,brand_title_ICHI
636,brand_title_585,brand_title_IKKS
637,brand_title_586,brand_title_IRAM Moda
638,brand_title_587,brand_title_IUTER
639,brand_title_588,brand_title_IVEO
640,brand_title_589,brand_title_IXOO
641,brand_title_590,brand_title_IZAC
642,brand_title_591,brand_title_Iceberg
643,brand_title_592,brand_title_Icono
644,brand_title_593,brand_title_Identic
645,brand_title_594,brand_title_Identic Man
646,brand_title_595,brand_title_Identiq man
647,brand_title_596,brand_title_Igi&Co
648,brand_title_597,brand_title_Imperial
649,brand_title_598,brand_title_In Extenso
650,brand_title_599,brand_title_In gold we Trust
651,brand_title_600,brand_title_Inconnu
652,brand_title_601,brand_title_Index
653,brand_title_602,brand_title_Ineo Couture
654,brand_title_603,brand_title_Inesis
655,brand_title_604,brand_title_Influx
656,brand_title_605,brand_title_Inside
657,brand_title_606,brand_title_Inter
658,brand_title_607,brand_title_Intersport
659,brand_title_608,brand_title_Intimissimi
660,brand_title_609,brand_title_Iriedaily
661,brand_title_610,brand_title_Iron Maiden
662,brand_title_611,brand_title_Isotoner
663,brand_title_612,brand_title_Italia
664,brand_title_613,brand_title_Italiano
665,brand_title_614,brand_title_J&Joy
666,brand_title_615,brand_title_J.Bradford
667,brand_title_616,brand_title_JBC
668,brand_title_617,brand_title_JD Sports
669,brand_title_618,brand_title_JDY
670,brand_title_619,brand_title_JEEL
671,brand_title_620,brand_title_JEU
672,brand_title_621,brand_title_JHK
673,brand_title_622,brand_title_JOLUVI
674,brand_title_623,brand_title_JORIK
675,brand_title_624,brand_title_JVZ
676,brand_title_625,brand_title_Jack
677,brand_title_626,brand_title_Jack & Jones
678,brand_title_627,brand_title_Jack Davis
679,brand_title_628,brand_title_Jack Parker
680,brand_title_629,brand_title_Jacqueline de Yong
681,brand_title_630,brand_title_Jacquemus
682,brand_title_631,brand_title_Japan Rags
683,brand_title_632,brand_title_Je m'appelle
684,brand_title_633,brand_title_Je ne sais plus
685,brand_title_634,brand_title_Jean-Louis Scherrer
686,brand_title_635,brand_title_Jennifer
687,brand_title_636,brand_title_Jennyfer
688,brand_title_637,brand_title_Jeremy Scott
689,brand_title_638,brand_title_Jerzees
690,brand_title_639,brand_title_Jezequel
691,brand_title_640,brand_title_Jil Sander
692,brand_title_641,brand_title_Jim Spencer
693,brand_title_642,brand_title_Jita’s Fashion
694,brand_title_643,brand_title_John Miller
695,brand_title_644,brand_title_John Richmond
696,brand_title_645,brand_title_John Tweed
697,brand_title_646,brand_title_Jolie
698,brand_title_647,brand_title_Jolinesse
699,brand_title_648,brand_title_Joma
700,brand_title_649,brand_title_Jonak
701,brand_title_650,brand_title_Jordan
702,brand_title_651,brand_title_Josh V
703,brand_title_652,brand_title_Jott
704,brand_title_653,brand_title_Joylu
705,brand_title_654,brand_title_Jubylee
706,brand_title_655,brand_title_Juicy Couture
707,brand_title_656,brand_title_Jules
708,brand_title_657,brand_title_Jupiler
709,brand_title_658,brand_title_Juventus
710,brand_title_659,brand_title_K-SWISS
711,brand_title_660,brand_title_KELME
712,brand_title_661,brand_title_KESHIA
713,brand_title_662,brand_title_Kalenji
714,brand_title_663,brand_title_Kanye West
715,brand_title_664,brand_title_Kaotiko
716,brand_title_665,brand_title_Kaporal
717,brand_title_666,brand_title_Kappa
718,brand_title_667,brand_title_Kapriol
719,brand_title_668,brand_title_Karacol
720,brand_title_669,brand_title_Kariban
721,brand_title_670,brand_title_Karl Kani
722,brand_title_671,brand_title_Karl Lagerfeld
723,brand_title_672,brand_title_Karl Marc John
724,brand_title_673,brand_title_Kaws
725,brand_title_674,brand_title_Kebo logo
726,brand_title_675,brand_title_Keit Paris
727,brand_title_676,brand_title_Keith Haring
728,brand_title_677,brand_title_Kent
729,brand_title_678,brand_title_Kenzo
730,brand_title_679,brand_title_Keys
731,brand_title_680,brand_title_Kiabi
732,brand_title_681,brand_title_King Kong
733,brand_title_682,brand_title_Kiprun
734,brand_title_683,brand_title_Kipsta
735,brand_title_684,brand_title_Kiss go go
736,brand_title_685,brand_title_Kissss
737,brand_title_686,brand_title_Kith
738,brand_title_687,brand_title_Kohler
739,brand_title_688,brand_title_Krack
740,brand_title_689,brand_title_Kruder
741,brand_title_690,brand_title_Kukuxumusu
742,brand_title_691,brand_title_Kurt Geiger
743,brand_title_692,brand_title_L&L
744,brand_title_693,brand_title_LA VIE
745,brand_title_694,brand_title_LAINE
746,brand_title_695,brand_title_LAVORO
747,brand_title_696,brand_title_LEGEA
748,brand_title_697,brand_title_LFTMAN
749,brand_title_698,brand_title_LTB
750,brand_title_699,brand_title_LVR
751,brand_title_700,brand_title_La City
752,brand_title_701,brand_title_La Femme Moderne
753,brand_title_702,brand_title_La Halle
754,brand_title_703,brand_title_La Jaca
755,brand_title_704,brand_title_La Martina
756,brand_title_705,brand_title_La Redoute
757,brand_title_706,brand_title_La Sportiva
758,brand_title_707,brand_title_La petite étoile
759,brand_title_708,brand_title_Lacoste
760,brand_title_709,brand_title_Lacoste LIVE
761,brand_title_710,brand_title_Lanidor
762,brand_title_711,brand_title_Le Coq Sportif
763,brand_title_712,brand_title_Le Glazik
764,brand_title_713,brand_title_Le Temps des Cerises
765,brand_title_714,brand_title_Le slip français
766,brand_title_715,brand_title_Lee
767,brand_title_716,brand_title_Lee Cooper
768,brand_title_717,brand_title_Lefties
769,brand_title_718,brand_title_Leftman
770,brand_title_719,brand_title_Legend
771,brand_title_720,brand_title_Leonardo Principi
772,brand_title_721,brand_title_Leone
773,brand_title_722,brand_title_Leopard
774,brand_title_723,brand_title_Les Fées de Bengale
775,brand_title_724,brand_title_Les Petites Bombes
776,brand_title_725,brand_title_Levi's
777,brand_title_726,brand_title_Liberto
778,brand_title_727,brand_title_Lidl
779,brand_title_728,brand_title_Light
780,brand_title_729,brand_title_Limited Collection
781,brand_title_730,brand_title_Lin
782,brand_title_731,brand_title_Lion of PORCHES
783,brand_title_732,brand_title_Lisa
784,brand_title_733,brand_title_Little Marcel
785,brand_title_734,brand_title_Liu Jo
786,brand_title_735,brand_title_Livergy
787,brand_title_736,brand_title_Livy
788,brand_title_737,brand_title_Loavies
789,brand_title_738,brand_title_Local
790,brand_title_739,brand_title_Loewe
791,brand_title_740,brand_title_Lofty Manner
792,brand_title_741,brand_title_Lola Paris
793,brand_title_742,brand_title_LolaLiza
794,brand_title_743,brand_title_Lolita
795,brand_title_744,brand_title_Longboard
796,brand_title_745,brand_title_Lonsdale
797,brand_title_746,brand_title_Loro Piana
798,brand_title_747,brand_title_Lost Minds
799,brand_title_748,brand_title_Lotto
800,brand_title_749,brand_title_Louis Vuitton
801,brand_title_750,brand_title_Love Moschino
802,brand_title_751,brand_title_Lumberjack
803,brand_title_752,brand_title_Lyle & Scott
804,brand_title_753,brand_title_M&G
805,brand_title_754,brand_title_M&S Mode
806,brand_title_755,brand_title_MAIN
807,brand_title_756,brand_title_MANAS
808,brand_title_757,brand_title_MAUDD
809,brand_title_758,brand_title_MI
810,brand_title_759,brand_title_MIZUNO
811,brand_title_760,brand_title_MNG
812,brand_title_761,brand_title_MO CASUAL
813,brand_title_762,brand_title_MODA
814,brand_title_763,brand_title_MODAVISTA
815,brand_title_764,brand_title_MYA
816,brand_title_765,brand_title_Madame Tshirt
817,brand_title_766,brand_title_Made In Italy
818,brand_title_767,brand_title_Madewell
819,brand_title_768,brand_title_Maglia
820,brand_title_769,brand_title_Magnum
821,brand_title_770,brand_title_Maison 123
822,brand_title_771,brand_title_Maison Kitsuné
823,brand_title_772,brand_title_Maison Margiela
824,brand_title_773,brand_title_Maison Scotch
825,brand_title_774,brand_title_Malboro
826,brand_title_775,brand_title_Maloka
827,brand_title_776,brand_title_Mammut
828,brand_title_777,brand_title_Mandarin
829,brand_title_778,brand_title_Manfield
830,brand_title_779,brand_title_Mango
831,brand_title_780,brand_title_Mano
832,brand_title_781,brand_title_Manoukian
833,brand_title_782,brand_title_Manuel Ritz
834,brand_title_783,brand_title_Marbot
835,brand_title_784,brand_title_Mares
836,brand_title_785,brand_title_Marine & Co
837,brand_title_786,brand_title_Mariner
838,brand_title_787,brand_title_Mariposal Couture
839,brand_title_788,brand_title_Marks & Spencer
840,brand_title_789,brand_title_Marseille
841,brand_title_790,brand_title_Marvel
842,brand_title_791,brand_title_Marvin & Co
843,brand_title_792,brand_title_Mason Garments
844,brand_title_793,brand_title_Massimo Dutti
845,brand_title_794,brand_title_Massimo Rebecchi
846,brand_title_795,brand_title_Mastai Ferretti
847,brand_title_796,brand_title_Master Stroke
848,brand_title_797,brand_title_Maui and Sons
849,brand_title_798,brand_title_Max
850,brand_title_799,brand_title_Max Mara
851,brand_title_800,brand_title_MaxMila
852,brand_title_801,brand_title_Maxway
853,brand_title_802,brand_title_McGregor
854,brand_title_803,brand_title_McKinley
855,brand_title_804,brand_title_Mcxx
856,brand_title_805,brand_title_Meindl
857,brand_title_806,brand_title_Melluso
858,brand_title_807,brand_title_Memphis
859,brand_title_808,brand_title_Mephisto
860,brand_title_809,brand_title_Merc
861,brand_title_810,brand_title_Mercedes
862,brand_title_811,brand_title_Merona
863,brand_title_812,brand_title_Merrell
864,brand_title_813,brand_title_Merry Scott
865,brand_title_814,brand_title_Met
866,brand_title_815,brand_title_Metal Gienchi
867,brand_title_816,brand_title_Mi Piace
868,brand_title_817,brand_title_Miaou
869,brand_title_818,brand_title_Michael Kors
870,brand_title_819,brand_title_Michelin
871,brand_title_820,brand_title_Mike Davis
872,brand_title_821,brand_title_Milano
873,brand_title_822,brand_title_Milford Clan
874,brand_title_823,brand_title_Mills Brothers
875,brand_title_824,brand_title_Mim
876,brand_title_825,brand_title_Mina Rosa
877,brand_title_826,brand_title_Minelli
878,brand_title_827,brand_title_Minnie
879,brand_title_828,brand_title_Mirto
880,brand_title_829,brand_title_Mise Au Green
881,brand_title_830,brand_title_Miss America
882,brand_title_831,brand_title_Miss Captain
883,brand_title_832,brand_title_Miss Etam
884,brand_title_833,brand_title_Miss Kiss
885,brand_title_834,brand_title_Miss Sidecar
886,brand_title_835,brand_title_Miss Sixty
887,brand_title_836,brand_title_Missing Pieces
888,brand_title_837,brand_title_Misslook
889,brand_title_838,brand_title_Missoni
890,brand_title_839,brand_title_Mister Tee
891,brand_title_840,brand_title_Mistral
892,brand_title_841,brand_title_Mobils
893,brand_title_842,brand_title_Mococo
894,brand_title_843,brand_title_Mod W G
895,brand_title_844,brand_title_Mokovel
896,brand_title_845,brand_title_Moma
897,brand_title_846,brand_title_Monoprix
898,brand_title_847,brand_title_Monoprix Femme
899,brand_title_848,brand_title_Monte Cervino
900,brand_title_849,brand_title_Moon Boot
901,brand_title_850,brand_title_Moonstar
902,brand_title_851,brand_title_Morandi
903,brand_title_852,brand_title_Morgan
904,brand_title_853,brand_title_Moschino
905,brand_title_854,brand_title_Mountain Peak
906,brand_title_855,brand_title_Mr. Blue
907,brand_title_856,brand_title_Munich
908,brand_title_857,brand_title_MustHaves By Elja
909,brand_title_858,brand_title_Mustang
910,brand_title_859,brand_title_My Chemical Romance
911,brand_title_860,brand_title_NA-KD
912,brand_title_861,brand_title_NASA
913,brand_title_862,brand_title_NBA
914,brand_title_863,brand_title_NFL
915,brand_title_864,brand_title_NIKKIE
916,brand_title_865,brand_title_NN07
917,brand_title_866,brand_title_NOBRAND.PT
918,brand_title_867,brand_title_NORDICA
919,brand_title_868,brand_title_NORTHWAVE
920,brand_title_869,brand_title_Naf Naf
921,brand_title_870,brand_title_Name
922,brand_title_871,brand_title_Name It
923,brand_title_872,brand_title_Napapijri
924,brand_title_873,brand_title_Napoli
925,brand_title_874,brand_title_Naracamicie
926,brand_title_875,brand_title_Natura
927,brand_title_876,brand_title_Nautica
928,brand_title_877,brand_title_Neuralink
929,brand_title_878,brand_title_New Balance
930,brand_title_879,brand_title_New Era
931,brand_title_880,brand_title_New Girl Order
932,brand_title_881,brand_title_New Look
933,brand_title_882,brand_title_New Rock
934,brand_title_883,brand_title_New Yorker
935,brand_title_884,brand_title_Newfeel
936,brand_title_885,brand_title_Nickelodeon
937,brand_title_886,brand_title_Nicoli
938,brand_title_887,brand_title_Nightwear
939,brand_title_888,brand_title_Nik
940,brand_title_889,brand_title_Nike
941,brand_title_890,brand_title_Nike Air
942,brand_title_891,brand_title_Nike Mercurial
943,brand_title_892,brand_title_Nike Renzo
944,brand_title_893,brand_title_Nike SB
945,brand_title_894,brand_title_Nike Sportswear
946,brand_title_895,brand_title_Nike x NBA
947,brand_title_896,brand_title_Nike x Supreme
948,brand_title_897,brand_title_Nirvana
949,brand_title_898,brand_title_No Excess
950,brand_title_899,brand_title_No Excuse
951,brand_title_900,brand_title_NoName
952,brand_title_901,brand_title_Nocta
953,brand_title_902,brand_title_Noir
954,brand_title_903,brand_title_Noisy May
955,brand_title_904,brand_title_Noize
956,brand_title_905,brand_title_Nordways
957,brand_title_906,brand_title_Norse Projects
958,brand_title_907,brand_title_North Sails
959,brand_title_908,brand_title_Notes du nord
960,brand_title_909,brand_title_Noz Moscada
961,brand_title_910,brand_title_Noël
962,brand_title_911,brand_title_Nubikk
963,brand_title_912,brand_title_Nude Project
964,brand_title_913,brand_title_Nümph
965,brand_title_914,brand_title_ONLY
966,brand_title_915,brand_title_ONLY & SONS
967,brand_title_916,brand_title_OPUS
968,brand_title_917,brand_title_OVO
969,brand_title_918,brand_title_OVS
970,brand_title_919,brand_title_Obey
971,brand_title_920,brand_title_Object
972,brand_title_921,brand_title_Ocean
973,brand_title_922,brand_title_Octopus
974,brand_title_923,brand_title_Odd Future
975,brand_title_924,brand_title_Odemai
976,brand_title_925,brand_title_Odlo
977,brand_title_926,brand_title_Off-White
978,brand_title_927,brand_title_Oilily
979,brand_title_928,brand_title_Oktoberfest
980,brand_title_929,brand_title_Olivos Lindo
981,brand_title_930,brand_title_Olly Gan
982,brand_title_931,brand_title_Oltre
983,brand_title_932,brand_title_Olymp
984,brand_title_933,brand_title_On Running
985,brand_title_934,brand_title_One
986,brand_title_935,brand_title_One step
987,brand_title_936,brand_title_OnePiece
988,brand_title_937,brand_title_Onitsuka Tiger
989,brand_title_938,brand_title_Orchard
990,brand_title_939,brand_title_Original Marines
991,brand_title_940,brand_title_Ortigni
992,brand_title_941,brand_title_Ortiz & Reed
993,brand_title_942,brand_title_Oslo
994,brand_title_943,brand_title_Ottimo
995,brand_title_944,brand_title_Oui
996,brand_title_945,brand_title_Our Legacy
997,brand_title_946,brand_title_Oxbow
998,brand_title_947,brand_title_Oxelo
999,brand_title_948,brand_title_Oxmox
1000,brand_title_949,brand_title_Oxylane
1001,brand_title_950,brand_title_Oysho
1002,brand_title_951,brand_title_PAL sporting goods
1003,brand_title_952,brand_title_PALM
1004,brand_title_953,brand_title_PLUS
1005,brand_title_954,brand_title_PME
1006,brand_title_955,brand_title_PROPAGANDA
1007,brand_title_956,brand_title_PTRL
1008,brand_title_957,brand_title_Page One
1009,brand_title_958,brand_title_Palace
1010,brand_title_959,brand_title_Palladium
1011,brand_title_960,brand_title_Palm Angels
1012,brand_title_961,brand_title_Pampling
1013,brand_title_962,brand_title_Pancaldi
1014,brand_title_963,brand_title_Panorama
1015,brand_title_964,brand_title_Paraboot
1016,brand_title_965,brand_title_Parade
1017,brand_title_966,brand_title_Parfait
1018,brand_title_967,brand_title_Paris Saint-Germain
1019,brand_title_968,brand_title_Parra
1020,brand_title_969,brand_title_PatPat
1021,brand_title_970,brand_title_Patagonia
1022,brand_title_971,brand_title_Pataugas
1023,brand_title_972,brand_title_Patrizia Pepe
1024,brand_title_973,brand_title_Patta
1025,brand_title_974,brand_title_Paul
1026,brand_title_975,brand_title_Paul & Shark
1027,brand_title_976,brand_title_Paul Frank
1028,brand_title_977,brand_title_Pauline B.
1029,brand_title_978,brand_title_Peace n' Love
1030,brand_title_979,brand_title_Pedro del Hierro
1031,brand_title_980,brand_title_Pegador
1032,brand_title_981,brand_title_Pennyblack
1033,brand_title_982,brand_title_Pepe Jeans
1034,brand_title_983,brand_title_Perfecta
1035,brand_title_984,brand_title_Perfecto
1036,brand_title_985,brand_title_Perosino
1037,brand_title_986,brand_title_Persona by Marina Rinaldi
1038,brand_title_987,brand_title_Pertegaz
1039,brand_title_988,brand_title_Pescara
1040,brand_title_989,brand_title_Petit Bateau
1041,brand_title_990,brand_title_Petrol Industries
1042,brand_title_991,brand_title_Peuterey
1043,brand_title_992,brand_title_Pharmacy Industry
1044,brand_title_993,brand_title_Phat Farm
1045,brand_title_994,brand_title_Philipp Plein
1046,brand_title_995,brand_title_Philippe Model
1047,brand_title_996,brand_title_PianuraStudio
1048,brand_title_997,brand_title_Piazza Italia
1049,brand_title_998,brand_title_Pieces
1050,brand_title_999,brand_title_Pied de Biche
1051,brand_title_1000,brand_title_Pier One
1052,brand_title_1001,brand_title_Pierre Clarence
1053,brand_title_1002,brand_title_Pilar Prieto
1054,brand_title_1003,brand_title_Pimkie
1055,brand_title_1004,brand_title_Pink Woman
1056,brand_title_1005,brand_title_Pinned by K
1057,brand_title_1006,brand_title_Pirelli
1058,brand_title_1007,brand_title_Planet Hollywood
1059,brand_title_1008,brand_title_Platinum
1060,brand_title_1009,brand_title_Playboy
1061,brand_title_1010,brand_title_Pme Legend
1062,brand_title_1011,brand_title_Poco
1063,brand_title_1012,brand_title_Poeme
1064,brand_title_1013,brand_title_Pollini
1065,brand_title_1014,brand_title_Polo Ralph Lauren
1066,brand_title_1015,brand_title_Pompeii
1067,brand_title_1016,brand_title_Pompier
1068,brand_title_1017,brand_title_Pop Trading Company
1069,brand_title_1018,brand_title_Popeye
1070,brand_title_1019,brand_title_Porsche
1071,brand_title_1020,brand_title_Porto
1072,brand_title_1021,brand_title_Portonova
1073,brand_title_1022,brand_title_Prada
1074,brand_title_1023,brand_title_Pregunta
1075,brand_title_1024,brand_title_Premium
1076,brand_title_1025,brand_title_Pretty Green
1077,brand_title_1026,brand_title_PrettyLittleThing
1078,brand_title_1027,brand_title_PrimaDonna
1079,brand_title_1028,brand_title_Primark
1080,brand_title_1029,brand_title_Primitive
1081,brand_title_1030,brand_title_Prodotto Italiano
1082,brand_title_1031,brand_title_Produkt
1083,brand_title_1032,brand_title_Project X
1084,brand_title_1033,brand_title_Project X Paris
1085,brand_title_1034,brand_title_Promod
1086,brand_title_1035,brand_title_Pull
1087,brand_title_1036,brand_title_Pull & Bear
1088,brand_title_1037,brand_title_Puma
1089,brand_title_1038,brand_title_Punt Roma
1090,brand_title_1039,brand_title_Punto Roma
1091,brand_title_1040,brand_title_Purificación García
1092,brand_title_1041,brand_title_Pyper
1093,brand_title_1042,brand_title_Pyrex
1094,brand_title_1043,brand_title_Q/S By S.Oliver
1095,brand_title_1044,brand_title_QUICK SILVER
1096,brand_title_1045,brand_title_QUICKSHARK
1097,brand_title_1046,brand_title_Quarterback
1098,brand_title_1047,brand_title_Quebramar
1099,brand_title_1048,brand_title_Quechua
1100,brand_title_1049,brand_title_Queentex
1101,brand_title_1050,brand_title_Qui
1102,brand_title_1051,brand_title_Quick
1103,brand_title_1052,brand_title_Quicksilver
1104,brand_title_1053,brand_title_Quiksilver
1105,brand_title_1054,brand_title_RG512
1106,brand_title_1055,brand_title_RMS
1107,brand_title_1056,brand_title_ROAD 3
1108,brand_title_1057,brand_title_ROSSI
1109,brand_title_1058,brand_title_RQRD
1110,brand_title_1059,brand_title_Raf Simons
1111,brand_title_1060,brand_title_Ragazzo
1112,brand_title_1061,brand_title_Rains
1113,brand_title_1062,brand_title_Ralph Lauren
1114,brand_title_1063,brand_title_Ramones
1115,brand_title_1064,brand_title_RapidsCrew
1116,brand_title_1065,brand_title_Real Madrid
1117,brand_title_1066,brand_title_Reaven
1118,brand_title_1067,brand_title_Rebel
1119,brand_title_1068,brand_title_Red Bull
1120,brand_title_1069,brand_title_Red Code
1121,brand_title_1070,brand_title_Redskins
1122,brand_title_1071,brand_title_Reebok
1123,brand_title_1072,brand_title_Refrigiwear
1124,brand_title_1073,brand_title_Regatta
1125,brand_title_1074,brand_title_Regent
1126,brand_title_1075,brand_title_Reinders
1127,brand_title_1076,brand_title_Relish
1128,brand_title_1077,brand_title_Renault
1129,brand_title_1078,brand_title_Replay
1130,brand_title_1079,brand_title_Rev
1131,brand_title_1080,brand_title_Ricard
1132,brand_title_1081,brand_title_Rick and Morty
1133,brand_title_1082,brand_title_Rien
1134,brand_title_1083,brand_title_Rio
1135,brand_title_1084,brand_title_Rip Curl
1136,brand_title_1085,brand_title_Ripndip
1137,brand_title_1086,brand_title_Ritchie
1138,brand_title_1087,brand_title_River Island
1139,brand_title_1088,brand_title_River Woods
1140,brand_title_1089,brand_title_Riverdale
1141,brand_title_1090,brand_title_Roadsign
1142,brand_title_1091,brand_title_Robusta
1143,brand_title_1092,brand_title_Rocawear
1144,brand_title_1093,brand_title_Rock Eagle
1145,brand_title_1094,brand_title_Rollerblade
1146,brand_title_1095,brand_title_Roly
1147,brand_title_1096,brand_title_Roots
1148,brand_title_1097,brand_title_Rose
1149,brand_title_1098,brand_title_Rossignol
1150,brand_title_1099,brand_title_Rouge
1151,brand_title_1100,brand_title_Roxy
1152,brand_title_1101,brand_title_Ruckfield
1153,brand_title_1102,brand_title_Rudy's
1154,brand_title_1103,brand_title_Running
1155,brand_title_1104,brand_title_Rushmore
1156,brand_title_1105,brand_title_Russell
1157,brand_title_1106,brand_title_Röck Performance Gear
1158,brand_title_1107,brand_title_S
1159,brand_title_1108,brand_title_S.Oliver
1160,brand_title_1109,brand_title_S24
1161,brand_title_1110,brand_title_SIMONA BARBIERI
1162,brand_title_1111,brand_title_SMK
1163,brand_title_1112,brand_title_SMOG
1164,brand_title_1113,brand_title_STIEGLITZ
1165,brand_title_1114,brand_title_STIL PARK
1166,brand_title_1115,brand_title_SUD Express
1167,brand_title_1116,brand_title_Sacoor
1168,brand_title_1117,brand_title_Sacoor Brothers
1169,brand_title_1118,brand_title_Safety Jogger
1170,brand_title_1119,brand_title_Saint James
1171,brand_title_1120,brand_title_Saint Laurent
1172,brand_title_1121,brand_title_Salamander
1173,brand_title_1122,brand_title_Salomon
1174,brand_title_1123,brand_title_Salsa
1175,brand_title_1124,brand_title_Salvatore Ferragamo
1176,brand_title_1125,brand_title_Samsøe Samsøe
1177,brand_title_1126,brand_title_San Marina
1178,brand_title_1127,brand_title_Sancho
1179,brand_title_1128,brand_title_Sandro
1180,brand_title_1129,brand_title_Sandro Ferrone
1181,brand_title_1130,brand_title_Sanfor
1182,brand_title_1131,brand_title_Sanjo
1183,brand_title_1132,brand_title_Sans Interdit
1184,brand_title_1133,brand_title_Santa Cruz
1185,brand_title_1134,brand_title_Santoni
1186,brand_title_1135,brand_title_Sarah John
1187,brand_title_1136,brand_title_Sarsa
1188,brand_title_1137,brand_title_Saucony
1189,brand_title_1138,brand_title_Savage Culture
1190,brand_title_1139,brand_title_Scamm
1191,brand_title_1140,brand_title_Scapa
1192,brand_title_1141,brand_title_Scarpa
1193,brand_title_1142,brand_title_Scarpe
1194,brand_title_1143,brand_title_Schmoove
1195,brand_title_1144,brand_title_Schuh
1196,brand_title_1145,brand_title_Scotch
1197,brand_title_1146,brand_title_Scotch & Soda
1198,brand_title_1147,brand_title_Scout
1199,brand_title_1148,brand_title_Screen Stars
1200,brand_title_1149,brand_title_Screw
1201,brand_title_1150,brand_title_Scuffers
1202,brand_title_1151,brand_title_Sebago
1203,brand_title_1152,brand_title_Seidensticker
1204,brand_title_1153,brand_title_Selected Homme
1205,brand_title_1154,brand_title_Sem
1206,brand_title_1155,brand_title_Semler
1207,brand_title_1156,brand_title_Sendra
1208,brand_title_1157,brand_title_Serafini
1209,brand_title_1158,brand_title_Serge Blanco
1210,brand_title_1159,brand_title_Sergio
1211,brand_title_1160,brand_title_Sergio Tacchini
1212,brand_title_1161,brand_title_Sergio Vitti
1213,brand_title_1162,brand_title_Set
1214,brand_title_1163,brand_title_Sfera
1215,brand_title_1164,brand_title_Sfera Ebbasta
1216,brand_title_1165,brand_title_Shana
1217,brand_title_1166,brand_title_Shein
1218,brand_title_1167,brand_title_Shein Curve
1219,brand_title_1168,brand_title_Shimano
1220,brand_title_1169,brand_title_Shoe The Bear
1221,brand_title_1170,brand_title_Shop One
1222,brand_title_1171,brand_title_Sidi
1223,brand_title_1172,brand_title_Simond
1224,brand_title_1173,brand_title_Sinners Attire
1225,brand_title_1174,brand_title_Sinsay
1226,brand_title_1175,brand_title_Sinéquanone
1227,brand_title_1176,brand_title_Sisley
1228,brand_title_1177,brand_title_Sissy Boy
1229,brand_title_1178,brand_title_Skechers
1230,brand_title_1179,brand_title_Slipknot
1231,brand_title_1180,brand_title_Snickers
1232,brand_title_1181,brand_title_Society
1233,brand_title_1182,brand_title_Soft
1234,brand_title_1183,brand_title_Soft Grey
1235,brand_title_1184,brand_title_Soft coton
1236,brand_title_1185,brand_title_Solognac
1237,brand_title_1186,brand_title_Sonia Rykiel
1238,brand_title_1187,brand_title_Sonny Bono
1239,brand_title_1188,brand_title_Sony x lefties
1240,brand_title_1189,brand_title_Sorel
1241,brand_title_1190,brand_title_South Park
1242,brand_title_1191,brand_title_Southern Cotton
1243,brand_title_1192,brand_title_Soyaconcept
1244,brand_title_1193,brand_title_Spadafora
1245,brand_title_1194,brand_title_Sperry
1246,brand_title_1195,brand_title_Sport
1247,brand_title_1196,brand_title_Sporty & Rich
1248,brand_title_1197,brand_title_Spot
1249,brand_title_1198,brand_title_Spreadshirt
1250,brand_title_1199,brand_title_Springfield
1251,brand_title_1200,brand_title_Sprinter
1252,brand_title_1201,brand_title_Spyro
1253,brand_title_1202,brand_title_Squitos
1254,brand_title_1203,brand_title_Stanley/Stella
1255,brand_title_1204,brand_title_Star Wars
1256,brand_title_1205,brand_title_Stay Real
1257,brand_title_1206,brand_title_Stedman
1258,brand_title_1207,brand_title_Stella McCartney
1259,brand_title_1208,brand_title_Steps Everyday Chic
1260,brand_title_1209,brand_title_Stile Benetton
1261,brand_title_1210,brand_title_Sting
1262,brand_title_1211,brand_title_Stitch
1263,brand_title_1212,brand_title_Stone Island
1264,brand_title_1213,brand_title_Stonecast
1265,brand_title_1214,brand_title_Stradivarius
1266,brand_title_1215,brand_title_Stranger Things
1267,brand_title_1216,brand_title_Stranger society
1268,brand_title_1217,brand_title_Street One
1269,brand_title_1218,brand_title_Studio
1270,brand_title_1219,brand_title_Stüssy
1271,brand_title_1220,brand_title_Stüssy x Patta
1272,brand_title_1221,brand_title_Subdued
1273,brand_title_1222,brand_title_Suitsupply
1274,brand_title_1223,brand_title_Sun Valley
1275,brand_title_1224,brand_title_Sun68
1276,brand_title_1225,brand_title_Sunspel
1277,brand_title_1226,brand_title_Superdry
1278,brand_title_1227,brand_title_Superga
1279,brand_title_1228,brand_title_Superstar
1280,brand_title_1229,brand_title_Supply & Demand
1281,brand_title_1230,brand_title_Supreme
1282,brand_title_1231,brand_title_Supreme x Vans
1283,brand_title_1232,brand_title_Sézane
1284,brand_title_1233,brand_title_T&N
1285,brand_title_1234,brand_title_TBS
1286,brand_title_1235,brand_title_TCX
1287,brand_title_1236,brand_title_TEX
1288,brand_title_1237,brand_title_THROTTLEMAN
1289,brand_title_1238,brand_title_TOTSOL
1290,brand_title_1239,brand_title_TQF Collection
1291,brand_title_1240,brand_title_TRN1961
1292,brand_title_1241,brand_title_Tag
1293,brand_title_1242,brand_title_TajineBanane
1294,brand_title_1243,brand_title_Takko Fashion
1295,brand_title_1244,brand_title_Tally Weijl
1296,brand_title_1245,brand_title_Tanara
1297,brand_title_1246,brand_title_Tarmak
1298,brand_title_1247,brand_title_Tata Italia
1299,brand_title_1248,brand_title_Teddy Smith
1300,brand_title_1249,brand_title_Tennis
1301,brand_title_1250,brand_title_Terranova
1302,brand_title_1251,brand_title_Teva
1303,brand_title_1252,brand_title_Tex Woman
1304,brand_title_1253,brand_title_Texto
1305,brand_title_1254,brand_title_Tezenis
1306,brand_title_1255,brand_title_The Dudes
1307,brand_title_1256,brand_title_The Kooples
1308,brand_title_1257,brand_title_The Mountain
1309,brand_title_1258,brand_title_The North Face
1310,brand_title_1259,brand_title_The Rolling Stones
1311,brand_title_1260,brand_title_The Simpsons
1312,brand_title_1261,brand_title_The Sting
1313,brand_title_1262,brand_title_The rollings stones
1314,brand_title_1263,brand_title_The surf car
1315,brand_title_1264,brand_title_Thin Lizzy
1316,brand_title_1265,brand_title_Thomas Burberry
1317,brand_title_1266,brand_title_Thrasher
1318,brand_title_1267,brand_title_Thunder
1319,brand_title_1268,brand_title_Tiffosi
1320,brand_title_1269,brand_title_Timberland
1321,brand_title_1270,brand_title_Timiami
1322,brand_title_1271,brand_title_TinTin
1323,brand_title_1272,brand_title_Tissaia
1324,brand_title_1273,brand_title_Tod's
1325,brand_title_1274,brand_title_Tokio Hotel
1326,brand_title_1275,brand_title_Tom Ford
1327,brand_title_1276,brand_title_Tom Tailor
1328,brand_title_1277,brand_title_Tom Tailor Denim
1329,brand_title_1278,brand_title_Tommy Hilfiger
1330,brand_title_1279,brand_title_Tommy Hilfiger x Timberland
1331,brand_title_1280,brand_title_Tommy Jeans
1332,brand_title_1281,brand_title_Topman
1333,brand_title_1282,brand_title_Topshop
1334,brand_title_1283,brand_title_Toscane
1335,brand_title_1284,brand_title_Tout Simplement
1336,brand_title_1285,brand_title_Toy Story
1337,brand_title_1286,brand_title_Trasher
1338,brand_title_1287,brand_title_Travis Scott
1339,brand_title_1288,brand_title_Trekking
1340,brand_title_1289,brand_title_Trend
1341,brand_title_1290,brand_title_Tribord
1342,brand_title_1291,brand_title_Tropical
1343,brand_title_1292,brand_title_Trussardi
1344,brand_title_1293,brand_title_Turquoise
1345,brand_title_1294,brand_title_Tuta
1346,brand_title_1295,brand_title_Twin Set
1347,brand_title_1296,brand_title_Twinlife
1348,brand_title_1297,brand_title_U-Power
1349,brand_title_1298,brand_title_U.S. GRAND POLO EQUIPMENT & APPAREL
1350,brand_title_1299,brand_title_U.S. Polo Assn.
1351,brand_title_1300,brand_title_UFC
1352,brand_title_1301,brand_title_UGG
1353,brand_title_1302,brand_title_URBAN DISTRICT
1354,brand_title_1303,brand_title_USUAL
1355,brand_title_1304,brand_title_Umbro
1356,brand_title_1305,brand_title_Un Jour Ailleurs
1357,brand_title_1306,brand_title_Under Armour
1358,brand_title_1307,brand_title_Undiz
1359,brand_title_1308,brand_title_Uniqlo
1360,brand_title_1309,brand_title_Unisa
1361,brand_title_1310,brand_title_United Colors of Benetton
1362,brand_title_1311,brand_title_Uomo
1363,brand_title_1312,brand_title_Urban By Gemo
1364,brand_title_1313,brand_title_Urban Classics
1365,brand_title_1314,brand_title_Urban Outfitters
1366,brand_title_1315,brand_title_Uterqüe
1367,brand_title_1316,brand_title_V2
1368,brand_title_1317,brand_title_VERDE
1369,brand_title_1318,brand_title_VLONE
1370,brand_title_1319,brand_title_Van Beers
1371,brand_title_1320,brand_title_Van Lier
1372,brand_title_1321,brand_title_Vans
1373,brand_title_1322,brand_title_Veja
1374,brand_title_1323,brand_title_Venice
1375,brand_title_1324,brand_title_Venise
1376,brand_title_1325,brand_title_Ventiuno
1377,brand_title_1326,brand_title_Vera Pelle
1378,brand_title_1327,brand_title_Vero Cuoio
1379,brand_title_1328,brand_title_Vero Moda
1380,brand_title_1329,brand_title_Versace
1381,brand_title_1330,brand_title_Versace Jeans
1382,brand_title_1331,brand_title_Versace Jeans Couture
1383,brand_title_1332,brand_title_Vertbaudet
1384,brand_title_1333,brand_title_Vertigo
1385,brand_title_1334,brand_title_Via dutto
1386,brand_title_1335,brand_title_Via28
1387,brand_title_1336,brand_title_Vibi Venezia
1388,brand_title_1337,brand_title_Vicolo
1389,brand_title_1338,brand_title_Vicomte Arthur
1390,brand_title_1339,brand_title_Vila
1391,brand_title_1340,brand_title_Vintage
1392,brand_title_1341,brand_title_Vintage Dressing
1393,brand_title_1342,brand_title_Vintage Love
1394,brand_title_1343,brand_title_Vision of Super
1395,brand_title_1344,brand_title_Vissla
1396,brand_title_1345,brand_title_Voile Blanche
1397,brand_title_1346,brand_title_Volcom
1398,brand_title_1347,brand_title_Von Dutch
1399,brand_title_1348,brand_title_Voyage
1400,brand_title_1349,brand_title_Vuarnet
1401,brand_title_1350,brand_title_Vögele
1402,brand_title_1351,brand_title_WE
1403,brand_title_1352,brand_title_Walk And Talk
1404,brand_title_1353,brand_title_Walking
1405,brand_title_1354,brand_title_Walkx
1406,brand_title_1355,brand_title_Wanderlust
1407,brand_title_1356,brand_title_Warren Lotas
1408,brand_title_1357,brand_title_Wed'ze
1409,brand_title_1358,brand_title_Weekday
1410,brand_title_1359,brand_title_Weg
1411,brand_title_1360,brand_title_West Ham
1412,brand_title_1361,brand_title_What's Today?
1413,brand_title_1362,brand_title_Why not?
1414,brand_title_1363,brand_title_Wind fashion
1415,brand_title_1364,brand_title_Wiya
1416,brand_title_1365,brand_title_Wolm
1417,brand_title_1366,brand_title_Women Only
1418,brand_title_1367,brand_title_Womsh
1419,brand_title_1368,brand_title_Worn By
1420,brand_title_1369,brand_title_Wrangler
1421,brand_title_1370,brand_title_Würth
1422,brand_title_1371,brand_title_Xbox
1423,brand_title_1372,brand_title_Y
1424,brand_title_1373,brand_title_Yamaha
1425,brand_title_1374,brand_title_Yeezy
1426,brand_title_1375,brand_title_Yell! Industry
1427,brand_title_1376,brand_title_Yessica
1428,brand_title_1377,brand_title_Yogasearcher
1429,brand_title_1378,brand_title_Yu-Gi-Oh!
1430,brand_title_1379,brand_title_Z
1431,brand_title_1380,brand_title_ZUMO
1432,brand_title_1381,brand_title_Zadig & Voltaire
1433,brand_title_1382,brand_title_Zaful
1434,brand_title_1383,brand_title_Zamba
1435,brand_title_1384,brand_title_Zandstra
1436,brand_title_1385,brand_title_Zara
1437,brand_title_1386,brand_title_Zara Collection
1438,brand_title_1387,brand_title_Zara Girls
1439,brand_title_1388,brand_title_Zara Home
1440,brand_title_1389,brand_title_Zara Knit
1441,brand_title_1390,brand_title_Zara Man
1442,brand_title_1391,brand_title_Zeeman
1443,brand_title_1392,brand_title_Zegna
1444,brand_title_1393,brand_title_Zeta
1445,brand_title_1394,brand_title_Zion
1446,brand_title_1395,brand_title_Zoe Karssen
1447,brand_title_1396,brand_title_Zombie Run
1448,brand_title_1397,brand_title_Zoso
1449,brand_title_1398,brand_title_Zuiki
1450,brand_title_1399,brand_title_Zumba
1451,brand_title_1400,brand_title_absolut Joy
1452,brand_title_1401,brand_title_addax
1453,brand_title_1402,brand_title_adidas
1454,brand_title_1403,brand_title_adidas NEO
1455,brand_title_1404,brand_title_adidas Originals
1456,brand_title_1405,brand_title_adidas Performance
1457,brand_title_1406,brand_title_adidas Stan Smith
1458,brand_title_1407,brand_title_adidas Sénégal
1459,brand_title_1408,brand_title_adidas x Pharrell Williams
1460,brand_title_1409,brand_title_adidas x Y-3
1461,brand_title_1410,brand_title_aiem
1462,brand_title_1411,brand_title_air max plus
1463,brand_title_1412,brand_title_american partners
1464,brand_title_1413,brand_title_anne sufer
1465,brand_title_1414,brand_title_artics monkeys
1466,brand_title_1415,brand_title_aucun
1467,brand_title_1416,brand_title_aucune
1468,brand_title_1417,brand_title_autre
1469,brand_title_1418,brand_title_balaloum
1470,brand_title_1419,brand_title_bihos
1471,brand_title_1420,brand_title_black riders
1472,brand_title_1421,brand_title_bolzonella
1473,brand_title_1422,brand_title_bonac ok stura
1474,brand_title_1423,brand_title_braking
1475,brand_title_1424,brand_title_bulloned
1476,brand_title_1425,brand_title_callaghan
1477,brand_title_1426,brand_title_camicia
1478,brand_title_1427,brand_title_cape mountain
1479,brand_title_1428,brand_title_christy
1480,brand_title_1429,brand_title_cloudrunner
1481,brand_title_1430,brand_title_couleurs et prix
1482,brand_title_1431,brand_title_cresto
1483,brand_title_1432,brand_title_cutting edge
1484,brand_title_1433,brand_title_d'acquasparta
1485,brand_title_1434,brand_title_d'assenta
1486,brand_title_1435,brand_title_dead vintage
1487,brand_title_1436,brand_title_diverse
1488,brand_title_1437,brand_title_dorean
1489,brand_title_1438,brand_title_essentiel by CBLV
1490,brand_title_1439,brand_title_ever.me
1491,brand_title_1440,brand_title_farrington
1492,brand_title_1441,brand_title_fashion junkee
1493,brand_title_1442,brand_title_fem
1494,brand_title_1443,brand_title_fitsa
1495,brand_title_1444,brand_title_fleekthelabel
1496,brand_title_1445,brand_title_geen merk
1497,brand_title_1446,brand_title_godin guitars
1498,brand_title_1447,brand_title_greisha
1499,brand_title_1448,brand_title_harry go
1500,brand_title_1449,brand_title_humanology
1501,brand_title_1450,brand_title_iTS
1502,brand_title_1451,brand_title_ici et maintenant
1503,brand_title_1452,brand_title_inconnue
1504,brand_title_1453,brand_title_intelligence quality
1505,brand_title_1454,brand_title_izurri
1506,brand_title_1455,brand_title_jamboree
1507,brand_title_1456,brand_title_jameson united
1508,brand_title_1457,brand_title_je ne sais pas
1509,brand_title_1458,brand_title_je sais pas
1510,brand_title_1459,brand_title_johnny hallyday
1511,brand_title_1460,brand_title_kraftwert
1512,brand_title_1461,brand_title_la pantera de lola
1513,brand_title_1462,brand_title_lagioia
1514,brand_title_1463,brand_title_laie
1515,brand_title_1464,brand_title_liberty rose
1516,brand_title_1465,brand_title_maglietta
1517,brand_title_1466,brand_title_magneto guitars
1518,brand_title_1467,brand_title_mana quevo
1519,brand_title_1468,brand_title_manouki
1520,brand_title_1469,brand_title_marmaduke
1521,brand_title_1470,brand_title_merkloos
1522,brand_title_1471,brand_title_miss world
1523,brand_title_1472,brand_title_mocassini
1524,brand_title_1473,brand_title_mor dagor
1525,brand_title_1474,brand_title_morgan diffusion
1526,brand_title_1475,brand_title_motivi
1527,brand_title_1476,brand_title_mr guss
1528,brand_title_1477,brand_title_multi brand
1529,brand_title_1478,brand_title_mushrooms
1530,brand_title_1479,brand_title_myfit
1531,brand_title_1480,brand_title_nana de paris
1532,brand_title_1481,brand_title_nao sei
1533,brand_title_1482,brand_title_native knowledge
1534,brand_title_1483,brand_title_natural world
1535,brand_title_1484,brand_title_ne sais pas
1536,brand_title_1485,brand_title_nessun
1537,brand_title_1486,brand_title_noidinotte
1538,brand_title_1487,brand_title_non brand
1539,brand_title_1488,brand_title_onbekend
1540,brand_title_1489,brand_title_osagar
1541,brand_title_1490,brand_title_pas de ma
1542,brand_title_1491,brand_title_pas de marque
1543,brand_title_1492,brand_title_pent217A
1544,brand_title_1493,brand_title_persia
1545,brand_title_1494,brand_title_pink panther
1546,brand_title_1495,brand_title_polo
1547,brand_title_1496,brand_title_ponto grande
1548,brand_title_1497,brand_title_prophecy
1549,brand_title_1498,brand_title_prt
1550,brand_title_1499,brand_title_reward
1551,brand_title_1500,brand_title_roccobarocco
1552,brand_title_1501,brand_title_rosegal
1553,brand_title_1502,brand_title_s p création
1554,brand_title_1503,brand_title_safe boot
1555,brand_title_1504,brand_title_sans
1556,brand_title_1505,brand_title_sans marque
1557,brand_title_1506,brand_title_sansnom.
1558,brand_title_1507,brand_title_scalpers
1559,brand_title_1508,brand_title_sconosciuto
1560,brand_title_1509,brand_title_securitop Balkan
1561,brand_title_1510,brand_title_shirting foretti
1562,brand_title_1511,brand_title_shopix
1563,brand_title_1512,brand_title_shox
1564,brand_title_1513,brand_title_simboli
1565,brand_title_1514,brand_title_snaker
1566,brand_title_1515,brand_title_sol's
1567,brand_title_1516,brand_title_stussy x converse
1568,brand_title_1517,brand_title_szn
1569,brand_title_1518,brand_title_série mania
1570,brand_title_1519,brand_title_t art
1571,brand_title_1520,brand_title_t shirt
1572,brand_title_1521,brand_title_the big bang theory
1573,brand_title_1522,brand_title_the kid
1574,brand_title_1523,brand_title_thy art is murder
1575,brand_title_1524,brand_title_tikida
1576,brand_title_1525,brand_title_time is mlney
1577,brand_title_1526,brand_title_tricel
1578,brand_title_1527,brand_title_troppo brand
1579,brand_title_1528,brand_title_uniform bridge co
1580,brand_title_1529,brand_title_van Laack
1581,brand_title_1530,brand_title_varias
1582,brand_title_1531,brand_title_varias marcas
1583,brand_title_1532,brand_title_viadutto
1584,brand_title_1533,brand_title_villionair
1585,brand_title_1534,brand_title_vintage shirt slim
1586,brand_title_1535,brand_title_vittoriano
1587,brand_title_1536,brand_title_wejies
1588,brand_title_1537,brand_title_y2k
1589,brand_title_1538,brand_title_yamamay
1590,brand_title_1539,brand_title_yisa
1591,brand_title_1540,brand_title_you&milk
1592,brand_title_1541,brand_title_yuxus
1593,brand_title_1542,brand_title_zara youth
1594,brand_title_1543,brand_title_zxian sen
1595,brand_title_1544,brand_title_Ünküt
1596,brand_title_1545,brand_title_éram
1597,catalog_id_0,
1598,catalog_id_1,
1599,catalog_id_2,
